{
    "fixed_threshold": 0.75,
    "tn": 4988,
    "fp": 3004,
    "fn": 1778,
    "tp": 886,
    "accuracy": 0.5512387387382214,
    "precision": 0.22776349614337338,
    "recall": 0.33258258258133416,
    "f1_score": 0.2703692353328165,
    "pr_auc": 0.22951383808306136
}