{
    "fixed_threshold": 0.9,
    "tn": 107860,
    "fp": 78327,
    "fn": 3750,
    "tp": 2847,
    "accuracy": 0.5742540874761392,
    "precision": 0.0350728065636737,
    "recall": 0.4315597999083954,
    "f1_score": 0.06487336224921117,
    "pr_auc": 0.03159395941202413
}