{
    "fixed_threshold": 0.75,
    "tn": 61770,
    "fp": 20457,
    "fn": 2097,
    "tp": 828,
    "accuracy": 0.7351324689965315,
    "precision": 0.038900634249453184,
    "recall": 0.2830769230759553,
    "f1_score": 0.0684014848643733,
    "pr_auc": 0.043094466402762814
}