{
    "threshold": 0.55,
    "smoothing_window": 5,
    "raw_results": {
        "accuracy": 0.1166157096003113,
        "precision": 0.028229077055425832,
        "recall": 0.857089552238806,
        "f1": 0.054657941701368236,
        "auc": 0.4619493163301695,
        "tn": 8192,
        "fp": 79073,
        "fn": 383,
        "tp": 2297
    },
    "smoothed_results": {
        "accuracy": 0.10230696536772473,
        "precision": 0.027846661908621336,
        "recall": 0.858955223880597,
        "f1": 0.05394448545350159,
        "auc": 0.44843206616319653,
        "tn": 6900,
        "fp": 80365,
        "fn": 378,
        "tp": 2302
    }
}