{
    "fixed_threshold": 0.9,
    "tn": 7795,
    "fp": 245,
    "fn": 1420,
    "tp": 1260,
    "accuracy": 0.8446828358208955,
    "precision": 0.8372093023200186,
    "recall": 0.470149253729589,
    "f1_score": 0.6021505330256749
}