patient,windows,preictal,interictal,threshold,smoothing_window,raw_precision,raw_recall,raw_f1,raw_auc,smooth_precision,smooth_recall,smooth_f1,smooth_auc,tp,fp,fn,tn
chb03,51238,1205,50033,0.13,7,0.007003891050583658,0.007468879668049793,0.007228915662650603,0.48654509600427204,0.0016877637130801688,0.0016597510373443983,0.0016736401673640166,0.5060223903675856,2,1183,1203,48850
chb20,38707,1475,37232,0.13,7,0.019762845849802372,0.3559322033898305,0.037446504992867335,0.27035906783302865,0.026096922069417158,0.5403389830508475,0.04978916133062627,0.23445284901633734,797,29743,678,7489
