patient,windows,preictal,interictal,threshold,accuracy,precision,recall,f1_score,pr_auc,tp,fp,fn,tn
chb03,51238,1205,50033,0.13,0.9456262929856747,0.0,0.0,0.0,0.018921183514619605,0,1581,1205,48452
chb20,38707,1475,37232,0.13,0.5438292815253055,0.017416199451270428,0.19796610169491524,0.0320157886080807,0.02618736590424558,292,16474,1183,20758
