patient,windows,preictal,interictal,threshold,accuracy,precision,recall,f1_score,pr_auc,tp,fp,fn,tn
chb05,55292,1005,54287,0.2,0.9462309194820228,0.004032258064516129,0.007960199004975124,0.005352960856473737,0.015377809981838346,8,1976,997,52311
chb14,36372,1920,34452,0.2,0.8039150995271087,0.0552901023890785,0.16875,0.0832904884318766,0.053704064352570816,324,5536,1596,28916
chb17,29746,720,29026,0.2,0.7652793652928125,0.07723467458817175,0.7944444444444444,0.1407826729017967,0.06922163882457952,572,6834,148,22192
chb19,42609,480,42129,0.2,0.4667089112628787,0.0019257467866899548,0.08958333333333333,0.0037704414923933533,0.006943724618186004,43,22286,437,19843
chb24,28765,2472,26293,0.2,0.8597601251520945,0.07368995633187773,0.05461165048543689,0.06273234200743494,0.08248669182425022,135,1697,2337,24596
